[run number],density,wind-direction,fighting-strategy,wind-velocity,[step],burned-trees,initial-trees
2,42,N,Density & wind,0,46,40,45712
6,50,N,Density & wind,0,51,85,54387
3,44,N,Density & wind,0,41,29,47826
1,40,N,Density & wind,0,51,43,43398
5,48,N,Density & wind,0,36,43,52079
7,52,N,Density & wind,0,56,80,56773
4,46,N,Density & wind,0,51,46,50282
10,58,N,Density & wind,0,91,190,62877
8,54,N,Density & wind,0,66,124,58642
12,62,N,Density & wind,0,71,260,67289
9,56,N,Density & wind,0,57,109,60796
11,60,N,Density & wind,0,85,239,64717
14,66,N,Density & wind,0,148,583,71534
15,68,N,Density & wind,0,106,380,73629
13,64,N,Density & wind,0,85,235,69084
27,40,N,Density & wind,5,31,41,43483
17,72,N,Density & wind,0,155,646,77945
20,78,N,Density & wind,0,251,1211,84576
29,44,N,Density & wind,5,46,48,47933
28,42,N,Density & wind,5,41,31,45650
30,46,N,Density & wind,5,46,63,49765
22,82,N,Density & wind,0,295,1942,89026
31,48,N,Density & wind,5,41,48,51992
33,52,N,Density & wind,5,57,90,56411
32,50,N,Density & wind,5,43,64,54244
19,76,N,Density & wind,0,261,1297,82585
16,70,N,Density & wind,0,206,991,75973
23,84,N,Density & wind,0,302,1864,91236
34,54,N,Density & wind,5,61,110,58482
21,80,N,Density & wind,0,316,1654,86786
18,74,N,Density & wind,0,281,1404,80404
35,56,N,Density & wind,5,71,140,60509
36,58,N,Density & wind,5,61,124,62796
25,88,N,Density & wind,0,400,3072,95496
24,86,N,Density & wind,0,344,2449,93418
38,62,N,Density & wind,5,76,131,67264
37,60,N,Density & wind,5,61,103,65177
40,66,N,Density & wind,5,101,237,71575
39,64,N,Density & wind,5,66,124,69497
41,68,N,Density & wind,5,131,483,73681
26,90,N,Density & wind,0,484,4042,97601
42,70,N,Density & wind,5,166,643,75997
46,78,N,Density & wind,5,201,994,84464
45,76,N,Density & wind,5,253,1218,82302
53,40,N,Density & wind,10,41,23,43356
54,42,N,Density & wind,10,31,16,45434
43,72,N,Density & wind,5,197,677,78351
55,44,N,Density & wind,10,46,55,47776
47,80,N,Density & wind,5,274,1800,86730
56,46,N,Density & wind,10,46,53,50149
57,48,N,Density & wind,10,41,65,52199
48,82,N,Density & wind,5,232,1217,88875
44,74,N,Density & wind,5,288,1499,80212
58,50,N,Density & wind,10,43,56,54314
59,52,N,Density & wind,10,51,75,56541
60,54,N,Density & wind,10,61,115,58632
63,60,N,Density & wind,10,86,130,65426
62,58,N,Density & wind,10,113,277,62912
61,56,N,Density & wind,10,51,88,60450
65,64,N,Density & wind,10,76,149,69355
64,62,N,Density & wind,10,71,189,67273
49,84,N,Density & wind,5,396,2385,91087
50,86,N,Density & wind,5,386,2704,93383
68,70,N,Density & wind,10,151,593,75979
70,74,N,Density & wind,10,183,811,80002
67,68,N,Density & wind,10,186,684,73446
66,66,N,Density & wind,10,191,822,71559
79,40,N,Density & wind,15,81,42,43284
52,90,N,Density & wind,5,526,3994,97693
73,80,N,Density & wind,10,190,1068,86704
71,76,N,Density & wind,10,274,1219,82621
72,78,N,Density & wind,10,225,1179,84777
51,88,N,Density & wind,5,386,2831,95432
83,48,N,Density & wind,15,101,75,52198
81,44,N,Density & wind,15,101,40,47603
69,72,N,Density & wind,10,366,1669,78055
82,46,N,Density & wind,15,81,52,50010
80,42,N,Density & wind,15,101,54,45332
84,50,N,Density & wind,15,81,52,54162
74,82,N,Density & wind,10,323,2107,88752
86,54,N,Density & wind,15,101,102,58241
76,86,N,Density & wind,10,346,2296,93494
75,84,N,Density & wind,10,316,2091,91202
87,56,N,Density & wind,15,121,102,60684
89,60,N,Density & wind,15,141,250,65181
91,64,N,Density & wind,15,101,123,69290
85,52,N,Density & wind,15,121,115,56348
90,62,N,Density & wind,15,121,209,67423
92,66,N,Density & wind,15,121,222,71390
88,58,N,Density & wind,15,201,456,62630
93,68,N,Density & wind,15,201,443,73762
77,88,N,Density & wind,10,617,3903,95491
94,70,N,Density & wind,15,221,900,75850
78,90,N,Density & wind,10,421,3419,97577
105,40,N,Density & wind,20,81,35,43489
95,72,N,Density & wind,15,301,1116,78229
106,42,N,Density & wind,20,81,31,45548
107,44,N,Density & wind,20,81,44,47513
108,46,N,Density & wind,20,101,61,49880
109,48,N,Density & wind,20,101,118,52408
110,50,N,Density & wind,20,101,88,53934
111,52,N,Density & wind,20,81,72,56509
96,74,N,Density & wind,15,421,2164,80367
97,76,N,Density & wind,15,401,2544,82465
112,54,N,Density & wind,20,101,78,58675
113,56,N,Density & wind,20,161,191,60889
114,58,N,Density & wind,20,161,261,63434
98,78,N,Density & wind,15,481,2713,84542
118,66,N,Density & wind,20,141,240,71667
116,62,N,Density & wind,20,141,209,67274
115,60,N,Density & wind,20,141,240,64807
100,82,N,Density & wind,15,501,3291,89239
117,64,N,Density & wind,20,181,489,69218
99,80,N,Density & wind,15,401,2429,86557
101,84,N,Density & wind,15,521,4098,91199
103,88,N,Density & wind,15,541,4075,95436
120,70,N,Density & wind,20,261,917,76287
119,68,N,Density & wind,20,381,1288,73673
121,72,N,Density & wind,20,361,1536,78100
131,40,N,Density & wind,25,81,31,43255
123,76,N,Density & wind,20,361,1996,82335
132,42,N,Density & wind,25,81,44,45625
102,86,N,Density & wind,15,861,5735,93090
122,74,N,Density & wind,20,341,1726,80318
134,46,N,Density & wind,25,81,37,49634
133,44,N,Density & wind,25,101,44,47408
135,48,N,Density & wind,25,101,60,51916
136,50,N,Density & wind,25,101,65,54314
137,52,N,Density & wind,25,121,131,56313
104,90,N,Density & wind,15,821,8413,97677
139,56,N,Density & wind,25,121,167,60657
124,78,N,Density & wind,20,521,3298,84698
138,54,N,Density & wind,25,121,146,58513
142,62,N,Density & wind,25,141,255,67311
141,60,N,Density & wind,25,161,330,65045
140,58,N,Density & wind,25,141,263,62933
143,64,N,Density & wind,25,181,351,69305
145,68,N,Density & wind,25,141,256,73910
147,72,N,Density & wind,25,201,584,78152
125,80,N,Density & wind,20,601,3197,87147
127,84,N,Density & wind,20,581,4970,91265
144,66,N,Density & wind,25,321,888,71584
146,70,N,Density & wind,25,341,1326,76015
148,74,N,Density & wind,25,261,1019,80071
128,86,N,Density & wind,20,861,5971,93443
157,40,N,Density & wind,30,81,31,43275
149,76,N,Density & wind,25,341,1461,82306
158,42,N,Density & wind,30,81,26,45506
160,46,N,Density & wind,30,81,28,49821
159,44,N,Density & wind,30,81,40,47621
150,78,N,Density & wind,25,381,1795,84506
161,48,N,Density & wind,30,81,38,52129
162,50,N,Density & wind,30,101,73,54178
163,52,N,Density & wind,30,121,98,56287
126,82,N,Density & wind,20,521,3920,89114
164,54,N,Density & wind,30,101,105,58376
165,56,N,Density & wind,30,121,162,60543
130,90,N,Density & wind,20,841,6575,97500
168,62,N,Density & wind,30,121,240,67362
166,58,N,Density & wind,30,101,112,62814
151,80,N,Density & wind,25,521,3351,86703
169,64,N,Density & wind,30,141,208,69529
172,70,N,Density & wind,30,161,433,76228
170,66,N,Density & wind,30,181,429,71478
171,68,N,Density & wind,30,201,715,73636
153,84,N,Density & wind,25,561,3849,91183
129,88,N,Density & wind,20,881,8228,95542
152,82,N,Density & wind,25,541,3480,88945
167,60,N,Density & wind,30,141,249,65081
173,72,N,Density & wind,30,241,695,78154
154,86,N,Density & wind,25,561,4677,93253
155,88,N,Density & wind,25,681,5145,95434
174,74,N,Density & wind,30,281,1108,80417
183,40,N,Density & wind,35,81,23,43641
184,42,N,Density & wind,35,81,16,45461
186,46,N,Density & wind,35,101,52,49859
175,76,N,Density & wind,30,241,1017,82412
185,44,N,Density & wind,35,101,60,47512
187,48,N,Density & wind,35,81,53,52097
188,50,N,Density & wind,35,81,58,54344
189,52,N,Density & wind,35,101,77,56407
156,90,N,Density & wind,25,661,6534,97565
190,54,N,Density & wind,35,101,83,58538
176,78,N,Density & wind,30,321,1690,84500
191,56,N,Density & wind,35,101,110,60797
192,58,N,Density & wind,35,101,111,63029
194,62,N,Density & wind,35,121,227,67038
193,60,N,Density & wind,35,121,207,65437
197,68,N,Density & wind,35,181,420,73870
196,66,N,Density & wind,35,161,261,71489
195,64,N,Density & wind,35,181,310,69289
178,82,N,Density & wind,30,461,2953,88968
199,72,N,Density & wind,35,201,647,77814
198,70,N,Density & wind,35,241,1056,76265
200,74,N,Density & wind,35,301,1315,80091
177,80,N,Density & wind,30,961,5379,86806
201,76,N,Density & wind,35,301,1129,82371
180,86,N,Density & wind,30,601,4360,93156
209,40,N,Density & wind,40,61,17,43451
210,42,N,Density & wind,40,61,29,45634
182,90,N,Density & wind,30,661,5255,97716
211,44,N,Density & wind,40,61,25,47709
212,46,N,Density & wind,40,61,32,49706
213,48,N,Density & wind,40,76,42,52176
214,50,N,Density & wind,40,76,53,53972
215,52,N,Density & wind,40,76,53,56339
216,54,N,Density & wind,40,106,109,58577
202,78,N,Density & wind,35,541,2729,84807
217,56,N,Density & wind,40,106,139,60823
218,58,N,Density & wind,40,106,196,62948
219,60,N,Density & wind,40,121,249,65003
221,64,N,Density & wind,40,91,139,69554
220,62,N,Density & wind,40,106,214,67459
205,84,N,Density & wind,35,521,3646,91167
222,66,N,Density & wind,40,121,222,71598
223,68,N,Density & wind,40,106,235,73808
224,70,N,Density & wind,40,151,407,75909
203,80,N,Density & wind,35,641,3681,86776
208,90,N,Density & wind,35,521,4077,97778
204,82,N,Density & wind,35,541,3768,88858
179,84,N,Density & wind,30,961,7577,91274
225,72,N,Density & wind,40,271,959,78266
206,86,N,Density & wind,35,681,4260,93336
228,78,N,Density & wind,40,241,1110,84690
236,42,N,Density & wind,45,61,14,45369
235,40,N,Density & wind,45,61,11,43069
226,74,N,Density & wind,40,301,1145,80595
207,88,N,Density & wind,35,661,4972,95156
237,44,N,Density & wind,45,76,33,47712
227,76,N,Density & wind,40,391,2056,82648
241,52,N,Density & wind,45,91,112,56354
238,46,N,Density & wind,45,76,49,50059
240,50,N,Density & wind,45,76,52,54239
239,48,N,Density & wind,45,91,62,52025
229,80,N,Density & wind,40,466,3163,86757
242,54,N,Density & wind,45,106,106,58642
230,82,N,Density & wind,40,361,2170,88851
243,56,N,Density & wind,45,76,55,60814
245,60,N,Density & wind,45,91,101,64973
244,58,N,Density & wind,45,106,179,62943
247,64,N,Density & wind,45,166,432,69675
248,66,N,Density & wind,45,136,378,71640
249,68,N,Density & wind,45,106,237,73636
246,62,N,Density & wind,45,136,393,67285
250,70,N,Density & wind,45,121,331,76050
232,86,N,Density & wind,40,496,3858,93241
181,88,N,Density & wind,30,621,5127,95461
251,72,N,Density & wind,45,196,730,78023
231,84,N,Density & wind,40,796,4662,91154
252,74,N,Density & wind,45,271,1010,80241
261,40,N,Density & wind,50,61,26,43490
253,76,N,Density & wind,45,301,1495,82317
263,44,N,Density & wind,50,61,21,47758
262,42,N,Density & wind,50,76,44,45501
264,46,N,Density & wind,50,76,45,49947
254,78,N,Density & wind,45,286,1414,84793
265,48,N,Density & wind,50,76,81,51885
266,50,N,Density & wind,50,76,39,54140
267,52,N,Density & wind,50,76,59,56402
268,54,N,Density & wind,50,76,90,58865
270,58,N,Density & wind,50,91,116,63075
269,56,N,Density & wind,50,91,120,60673
271,60,N,Density & wind,50,76,103,65082
272,62,N,Density & wind,50,106,214,67191
255,80,N,Density & wind,45,391,2497,86688
274,66,N,Density & wind,50,106,238,71715
256,82,N,Density & wind,45,511,3164,88759
273,64,N,Density & wind,50,151,395,69248
275,68,N,Density & wind,50,166,686,74033
233,88,N,Density & wind,40,736,7653,95348
278,74,N,Density & wind,50,166,488,80234
276,70,N,Density & wind,50,226,853,76021
279,76,N,Density & wind,50,196,782,82333
277,72,N,Density & wind,50,196,920,78247
234,90,N,Density & wind,40,931,9930,97664
258,86,N,Density & wind,45,526,5171,93478
280,78,N,Density & wind,50,286,1764,84690
287,40,N,Density & wind,55,241,37,43502
260,90,N,Density & wind,45,661,5903,97816
288,42,N,Density & wind,55,241,34,45435
290,46,N,Density & wind,55,181,30,49735
289,44,N,Density & wind,55,241,42,47605
282,82,N,Density & wind,50,301,2014,89040
281,80,N,Density & wind,50,451,3039,86605
291,48,N,Density & wind,55,241,115,52031
292,50,N,Density & wind,55,241,114,54232
283,84,N,Density & wind,50,526,3266,90882
293,52,N,Density & wind,55,241,146,56738
284,86,N,Density & wind,50,436,3047,93405
296,58,N,Density & wind,55,241,141,62893
294,54,N,Density & wind,55,241,180,58379
257,84,N,Density & wind,45,1111,8893,91094
297,60,N,Density & wind,55,301,307,65151
295,56,N,Density & wind,55,301,310,60796
299,64,N,Density & wind,55,241,326,69552
298,62,N,Density & wind,55,361,418,66996
286,90,N,Density & wind,50,631,5693,97648
301,68,N,Density & wind,55,541,1609,73604
300,66,N,Density & wind,55,541,1659,71566
285,88,N,Density & wind,50,1066,7181,95429
259,88,N,Density & wind,45,616,5300,95300
313,40,N,Density & wind,60,241,45,43333
314,42,N,Density & wind,60,241,52,45482
315,44,N,Density & wind,60,181,27,47823
316,46,N,Density & wind,60,241,91,49652
317,48,N,Density & wind,60,241,92,52198
318,50,N,Density & wind,60,241,41,54230
319,52,N,Density & wind,60,241,162,56611
302,70,N,Density & wind,55,1261,13288,76214
321,56,N,Density & wind,60,301,292,60457
322,58,N,Density & wind,60,241,164,63015
323,60,N,Density & wind,60,241,181,65196
320,54,N,Density & wind,60,241,100,58463
324,62,N,Density & wind,60,361,554,67360
304,74,N,Density & wind,55,1201,14874,80178
325,64,N,Density & wind,60,301,469,69469
326,66,N,Density & wind,60,781,2310,71652
303,72,N,Density & wind,55,1381,17257,78132
329,72,N,Density & wind,60,1201,7004,77999
327,68,N,Density & wind,60,1381,8121,73731
328,70,N,Density & wind,60,1261,7208,75853
305,76,N,Density & wind,55,1381,23890,82263
330,74,N,Density & wind,60,1381,19378,80335
306,78,N,Density & wind,55,1381,29390,84588
331,76,N,Density & wind,60,1381,26460,82503
307,80,N,Density & wind,55,1381,34230,86633
332,78,N,Density & wind,60,1441,29989,84640
339,40,N,Density & wind,65,81,9,43689
340,42,N,Density & wind,65,81,33,45156
341,44,N,Density & wind,65,101,76,47692
342,46,N,Density & wind,65,81,44,49808
343,48,N,Density & wind,65,81,20,52139
344,50,N,Density & wind,65,81,42,54307
345,52,N,Density & wind,65,81,46,56515
346,54,N,Density & wind,65,101,72,58514
347,56,N,Density & wind,65,81,26,60539
348,58,N,Density & wind,65,101,178,62791
349,60,N,Density & wind,65,101,133,64885
350,62,N,Density & wind,65,101,151,67643
351,64,N,Density & wind,65,121,327,69376
352,66,N,Density & wind,65,161,461,71720
353,68,N,Density & wind,65,241,710,74091
354,70,N,Density & wind,65,261,1186,76016
355,72,N,Density & wind,65,221,1020,77946
356,74,N,Density & wind,65,241,1123,80022
357,76,N,Density & wind,65,781,5971,82413
358,78,N,Density & wind,65,641,3673,84551
359,80,N,Density & wind,65,541,4977,86897
360,82,N,Density & wind,65,1081,14499,89095
308,82,N,Density & wind,55,1381,39691,88945
361,84,N,Density & wind,65,1121,19747,91078
333,80,N,Density & wind,60,1441,31709,86785
363,88,N,Density & wind,65,1101,27757,95341
365,40,N,Density & wind,70,81,35,43440
366,42,N,Density & wind,70,81,28,45495
362,86,N,Density & wind,65,1161,31934,93456
367,44,N,Density & wind,70,101,48,47434
369,48,N,Density & wind,70,81,43,52251
368,46,N,Density & wind,70,81,40,49814
370,50,N,Density & wind,70,81,53,54321
371,52,N,Density & wind,70,81,45,56398
373,56,N,Density & wind,70,101,75,60586
372,54,N,Density & wind,70,101,111,58927
375,60,N,Density & wind,70,121,192,65014
374,58,N,Density & wind,70,141,257,62956
376,62,N,Density & wind,70,121,249,67259
377,64,N,Density & wind,70,161,421,69420
378,66,N,Density & wind,70,161,375,71491
379,68,N,Density & wind,70,201,885,73917
380,70,N,Density & wind,70,221,878,76081
382,74,N,Density & wind,70,221,1180,80387
381,72,N,Density & wind,70,281,1566,78177
384,78,N,Density & wind,70,281,1602,84570
383,76,N,Density & wind,70,401,2646,82444
386,82,N,Density & wind,70,1281,16357,88664
385,80,N,Density & wind,70,1241,20066,87090
387,84,N,Density & wind,70,1181,18069,91076
388,86,N,Density & wind,70,1081,17672,93376
364,90,N,Density & wind,65,1221,44931,97633
391,40,N,Density & wind,75,81,16,43612
392,42,N,Density & wind,75,81,9,45372
393,44,N,Density & wind,75,81,28,47569
394,46,N,Density & wind,75,81,77,49764
389,88,N,Density & wind,70,1121,28325,95642
395,48,N,Density & wind,75,81,41,52031
396,50,N,Density & wind,75,81,60,54189
398,54,N,Density & wind,75,101,65,58420
397,52,N,Density & wind,75,81,29,56282
399,56,N,Density & wind,75,101,119,60822
334,82,N,Density & wind,60,1381,42037,89002
401,60,N,Density & wind,75,121,173,65029
403,64,N,Density & wind,75,121,217,69348
402,62,N,Density & wind,75,101,209,67324
400,58,N,Density & wind,75,101,129,63001
404,66,N,Density & wind,75,121,269,71631
405,68,N,Density & wind,75,141,198,73698
407,72,N,Density & wind,75,201,639,78213
408,74,N,Density & wind,75,341,1528,80367
406,70,N,Density & wind,75,141,435,75987
390,90,N,Density & wind,70,1121,28768,97663
409,76,N,Density & wind,75,321,1874,82475
410,78,N,Density & wind,75,341,2105,84422
413,84,N,Density & wind,75,961,11856,90958
411,80,N,Density & wind,75,521,4834,86624
310,86,N,Density & wind,55,1321,48175,93243
417,40,N,Density & wind,80,81,2,43316
418,42,N,Density & wind,80,81,28,45479
419,44,N,Density & wind,80,81,20,47783
420,46,N,Density & wind,80,81,37,49580
421,48,N,Density & wind,80,101,84,52009
422,50,N,Density & wind,80,81,64,54371
423,52,N,Density & wind,80,121,163,56240
424,54,N,Density & wind,80,101,76,58527
425,56,N,Density & wind,80,101,198,60790
426,58,N,Density & wind,80,121,238,63110
427,60,N,Density & wind,80,101,74,65060
428,62,N,Density & wind,80,101,151,67357
429,64,N,Density & wind,80,121,185,69478
412,82,N,Density & wind,75,1461,18298,88966
430,66,N,Density & wind,80,161,366,71864
431,68,N,Density & wind,80,101,218,73901
432,70,N,Density & wind,80,161,646,76002
433,72,N,Density & wind,80,181,787,78028
434,74,N,Density & wind,80,181,849,80057
435,76,N,Density & wind,80,201,1014,82454
436,78,N,Density & wind,80,201,888,84506
437,80,N,Density & wind,80,321,1800,86845
438,82,N,Density & wind,80,501,3467,88967
439,84,N,Density & wind,80,361,2049,90999
415,88,N,Density & wind,75,1241,29412,95481
440,86,N,Density & wind,80,1501,22991,93522
443,40,N,Density & wind,85,81,22,43133
444,42,N,Density & wind,85,81,20,45495
445,44,N,Density & wind,85,81,14,47797
446,46,N,Density & wind,85,81,36,49942
447,48,N,Density & wind,85,81,30,52111
448,50,N,Density & wind,85,81,52,54658
449,52,N,Density & wind,85,101,55,56661
450,54,N,Density & wind,85,101,122,58760
451,56,N,Density & wind,85,101,109,60727
452,58,N,Density & wind,85,101,84,62892
453,60,N,Density & wind,85,101,132,65502
441,88,N,Density & wind,80,1421,23338,95304
454,62,N,Density & wind,85,121,166,67356
455,64,N,Density & wind,85,101,160,69481
456,66,N,Density & wind,85,121,203,71544
457,68,N,Density & wind,85,141,282,73899
458,70,N,Density & wind,85,141,331,76099
335,84,N,Density & wind,60,1381,45113,91322
459,72,N,Density & wind,85,141,547,78403
460,74,N,Density & wind,85,181,666,80120
462,78,N,Density & wind,85,221,1131,84592
461,76,N,Density & wind,85,221,1271,82502
463,80,N,Density & wind,85,301,1837,86910
466,86,N,Density & wind,85,421,2986,93185
464,82,N,Density & wind,85,421,3470,89047
465,84,N,Density & wind,85,441,3634,91375
469,40,N,Density & wind,90,81,27,43411
470,42,N,Density & wind,90,81,22,45633
471,44,N,Density & wind,90,81,35,47955
472,46,N,Density & wind,90,81,17,49674
473,48,N,Density & wind,90,81,18,52097
474,50,N,Density & wind,90,81,77,54387
475,52,N,Density & wind,90,101,112,56172
476,54,N,Density & wind,90,101,73,58493
477,56,N,Density & wind,90,81,56,60684
478,58,N,Density & wind,90,121,175,62961
479,60,N,Density & wind,90,101,131,64975
480,62,N,Density & wind,90,81,65,67175
481,64,N,Density & wind,90,101,202,69573
482,66,N,Density & wind,90,121,220,71591
483,68,N,Density & wind,90,141,453,73990
484,70,N,Density & wind,90,141,398,75840
485,72,N,Density & wind,90,161,616,77865
486,74,N,Density & wind,90,261,1351,80197
487,76,N,Density & wind,90,221,1535,82412
416,90,N,Density & wind,75,1261,42480,97663
336,86,N,Density & wind,60,1321,46478,93270
490,82,N,Density & wind,90,401,4159,89075
488,78,N,Density & wind,90,921,26973,84595
414,86,N,Density & wind,75,1481,88098,93120
489,80,N,Density & wind,90,1101,38322,86603
491,84,N,Density & wind,90,1281,46952,90997
495,40,N,Density & wind,95,81,13,43474
496,42,N,Density & wind,95,81,38,45596
497,44,N,Density & wind,95,81,32,47800
498,46,N,Density & wind,95,81,63,49706
499,48,N,Density & wind,95,81,26,51900
500,50,N,Density & wind,95,81,35,54348
501,52,N,Density & wind,95,101,73,56368
502,54,N,Density & wind,95,81,44,58792
503,56,N,Density & wind,95,101,106,61050
504,58,N,Density & wind,95,121,153,63096
505,60,N,Density & wind,95,81,22,64862
506,62,N,Density & wind,95,81,86,67341
507,64,N,Density & wind,95,101,188,69818
508,66,N,Density & wind,95,141,405,71761
509,68,N,Density & wind,95,121,306,73707
510,70,N,Density & wind,95,181,676,75728
511,72,N,Density & wind,95,241,1152,78241
512,74,N,Density & wind,95,141,644,80213
467,88,N,Density & wind,85,1681,80703,95391
513,76,N,Density & wind,95,241,1614,82566
492,86,N,Density & wind,90,1181,55914,93489
442,90,N,Density & wind,80,1501,92429,97709
311,88,N,Density & wind,55,1321,55163,95411
514,78,N,Density & wind,95,941,27995,84504
515,80,N,Density & wind,95,961,30154,86765
493,88,N,Density & wind,90,1481,63505,95498
521,40,N,Density & wind,100,81,18,43690
522,42,N,Density & wind,100,81,6,45384
523,44,N,Density & wind,100,81,18,47975
524,46,N,Density & wind,100,81,52,49920
525,48,N,Density & wind,100,81,35,51979
526,50,N,Density & wind,100,81,13,54268
527,52,N,Density & wind,100,81,21,56472
528,54,N,Density & wind,100,101,76,58772
529,56,N,Density & wind,100,81,65,60562
530,58,N,Density & wind,100,101,46,62805
531,60,N,Density & wind,100,121,158,65183
532,62,N,Density & wind,100,101,153,67522
516,82,N,Density & wind,95,921,28920,88762
533,64,N,Density & wind,100,101,98,69406
517,84,N,Density & wind,95,921,32690,91109
535,68,N,Density & wind,100,141,354,73851
536,70,N,Density & wind,100,141,362,76095
534,66,N,Density & wind,100,141,367,71678
537,72,N,Density & wind,100,121,409,78228
538,74,N,Density & wind,100,201,920,80465
539,76,N,Density & wind,100,261,1733,82600
540,78,N,Density & wind,100,261,1826,84470
518,86,N,Density & wind,95,961,42083,93370
468,90,N,Density & wind,85,1841,93236,97659
338,90,N,Density & wind,60,1321,52475,97697
541,80,N,Density & wind,100,881,25746,86715
519,88,N,Density & wind,95,961,44828,95402
542,82,N,Density & wind,100,861,28630,88817
543,84,N,Density & wind,100,921,30648,91214
544,86,N,Density & wind,100,881,31271,93194
520,90,N,Density & wind,95,1021,47480,97571
494,90,N,Density & wind,90,1861,73537,97633
337,88,N,Density & wind,60,1321,53858,95433
545,88,N,Density & wind,100,901,34447,95452
546,90,N,Density & wind,100,921,38875,97585
309,84,N,Density & wind,55,1381,89090,90923
312,90,N,Density & wind,55,1261,96010,97557
