[run number],density,wind-direction,fighting-strategy,wind-velocity,[step],burned-trees,initial-trees
7,52,N,Fire density,0,51,71,56499
8,54,N,Fire density,0,56,131,58674
4,46,N,Fire density,0,41,42,49842
5,48,N,Fire density,0,46,39,52303
6,50,N,Fire density,0,41,58,54096
10,58,N,Fire density,0,71,113,62918
9,56,N,Fire density,0,61,122,61187
1,40,N,Fire density,0,46,46,43642
3,44,N,Fire density,0,31,23,47743
13,64,N,Fire density,0,126,384,69615
14,66,N,Fire density,0,76,216,71742
12,62,N,Fire density,0,76,155,67328
11,60,N,Fire density,0,51,115,65125
2,42,N,Fire density,0,56,53,45274
17,72,N,Fire density,0,136,472,77925
16,70,N,Fire density,0,169,631,75856
28,42,N,Fire density,5,41,43,45519
27,40,N,Fire density,5,41,29,43575
29,44,N,Fire density,5,41,51,47628
30,46,N,Fire density,5,41,38,49948
15,68,N,Fire density,0,196,985,73881
31,48,N,Fire density,5,46,63,52162
32,50,N,Fire density,5,51,63,54320
33,52,N,Fire density,5,51,92,56577
34,54,N,Fire density,5,41,50,58482
35,56,N,Fire density,5,51,98,60513
36,58,N,Fire density,5,46,79,62895
37,60,N,Fire density,5,78,198,64615
38,62,N,Fire density,5,85,187,67271
39,64,N,Fire density,5,71,150,69604
40,66,N,Fire density,5,71,177,71346
41,68,N,Fire density,5,76,228,73813
43,72,N,Fire density,5,162,686,78287
42,70,N,Fire density,5,216,817,76001
18,74,N,Fire density,0,1661,76506,80126
19,76,N,Fire density,0,1631,79217,82611
22,82,N,Fire density,0,1636,85531,88882
44,74,N,Fire density,5,1681,76471,80263
24,86,N,Fire density,0,1606,89946,93360
23,84,N,Fire density,0,1646,87797,90997
21,80,N,Fire density,0,1626,83536,86755
45,76,N,Fire density,5,1626,78872,82491
53,40,N,Fire density,10,41,29,43074
54,42,N,Fire density,10,31,25,45421
55,44,N,Fire density,10,36,37,47872
56,46,N,Fire density,10,46,62,49857
57,48,N,Fire density,10,41,25,52033
58,50,N,Fire density,10,41,32,54145
59,52,N,Fire density,10,36,55,56227
61,56,N,Fire density,10,56,92,60931
60,54,N,Fire density,10,76,140,58871
25,88,N,Fire density,0,1632,92011,95384
26,90,N,Fire density,0,1621,94301,97656
46,78,N,Fire density,5,1616,80893,84418
62,58,N,Fire density,10,50,113,63145
63,60,N,Fire density,10,71,170,64997
20,78,N,Fire density,0,1621,81219,84594
64,62,N,Fire density,10,76,180,67249
66,66,N,Fire density,10,91,226,71423
65,64,N,Fire density,10,96,250,69609
67,68,N,Fire density,10,86,237,73570
68,70,N,Fire density,10,91,245,76003
69,72,N,Fire density,10,206,888,78338
47,80,N,Fire density,5,1631,83491,86793
49,84,N,Fire density,5,1626,87897,91055
48,82,N,Fire density,5,1636,85458,88751
70,74,N,Fire density,10,1666,76166,80387
50,86,N,Fire density,5,1625,90071,93279
79,40,N,Fire density,15,101,44,43555
51,88,N,Fire density,5,1618,92181,95504
80,42,N,Fire density,15,101,53,45854
81,44,N,Fire density,15,81,41,47812
82,46,N,Fire density,15,81,44,49890
73,80,N,Fire density,10,1611,83176,86738
84,50,N,Fire density,15,81,58,54097
83,48,N,Fire density,15,81,36,52086
85,52,N,Fire density,15,101,70,56555
72,78,N,Fire density,10,1641,81242,84792
86,54,N,Fire density,15,101,122,58556
87,56,N,Fire density,15,101,101,60477
88,58,N,Fire density,15,81,82,62962
89,60,N,Fire density,15,101,123,65192
52,90,N,Fire density,5,1611,94229,97712
90,62,N,Fire density,15,121,251,67414
91,64,N,Fire density,15,141,437,69417
93,68,N,Fire density,15,121,221,73614
92,66,N,Fire density,15,181,530,71434
94,70,N,Fire density,15,161,493,75996
74,82,N,Fire density,10,1611,85643,88961
71,76,N,Fire density,10,1651,78673,82519
95,72,N,Fire density,15,381,1660,78025
76,86,N,Fire density,10,1631,90088,93497
77,88,N,Fire density,10,1606,91950,95453
105,40,N,Fire density,20,81,34,43502
75,84,N,Fire density,10,1632,87878,91113
106,42,N,Fire density,20,81,21,45157
108,46,N,Fire density,20,101,76,50039
109,48,N,Fire density,20,81,37,52199
107,44,N,Fire density,20,81,46,47630
78,90,N,Fire density,10,1621,94499,97850
110,50,N,Fire density,20,101,65,54166
112,54,N,Fire density,20,101,101,58507
113,56,N,Fire density,20,121,166,60854
114,58,N,Fire density,20,101,164,62937
111,52,N,Fire density,20,101,89,56286
115,60,N,Fire density,20,121,195,65027
116,62,N,Fire density,20,121,191,67196
118,66,N,Fire density,20,201,672,71667
119,68,N,Fire density,20,161,398,73610
117,64,N,Fire density,20,121,260,69678
120,70,N,Fire density,20,241,879,76114
121,72,N,Fire density,20,301,1382,78094
96,74,N,Fire density,15,1641,77395,80335
97,76,N,Fire density,15,1621,79885,82511
99,80,N,Fire density,15,1641,84443,86730
98,78,N,Fire density,15,1621,82181,84644
100,82,N,Fire density,15,1621,87055,88980
101,84,N,Fire density,15,1641,89243,91171
102,86,N,Fire density,15,1641,91347,93284
131,40,N,Fire density,25,81,18,43434
132,42,N,Fire density,25,81,23,45520
133,44,N,Fire density,25,101,69,47637
103,88,N,Fire density,15,1641,93530,95380
134,46,N,Fire density,25,101,81,50088
135,48,N,Fire density,25,81,57,52093
136,50,N,Fire density,25,101,137,54137
137,52,N,Fire density,25,101,82,56342
138,54,N,Fire density,25,101,54,58342
139,56,N,Fire density,25,101,100,60919
140,58,N,Fire density,25,101,71,63181
141,60,N,Fire density,25,101,175,65340
142,62,N,Fire density,25,121,256,67174
143,64,N,Fire density,25,121,219,69440
144,66,N,Fire density,25,141,368,71640
145,68,N,Fire density,25,201,593,73585
147,72,N,Fire density,25,461,2228,77907
104,90,N,Fire density,15,1621,95493,97479
123,76,N,Fire density,20,1621,79869,82592
125,80,N,Fire density,20,1561,83427,86329
124,78,N,Fire density,20,1641,82415,84671
126,82,N,Fire density,20,1661,87068,88995
127,84,N,Fire density,20,1621,89141,91144
122,74,N,Fire density,20,1621,76786,80124
128,86,N,Fire density,20,1641,91323,93266
129,88,N,Fire density,20,1641,93354,95253
157,40,N,Fire density,30,81,29,43590
158,42,N,Fire density,30,81,35,45458
130,90,N,Fire density,20,1621,95777,97743
159,44,N,Fire density,30,101,62,47915
160,46,N,Fire density,30,81,56,49638
161,48,N,Fire density,30,101,82,52161
162,50,N,Fire density,30,101,58,54230
163,52,N,Fire density,30,101,107,56361
164,54,N,Fire density,30,101,72,58497
146,70,N,Fire density,25,1741,70561,75800
165,56,N,Fire density,30,121,136,60525
166,58,N,Fire density,30,101,107,62956
167,60,N,Fire density,30,121,207,65203
168,62,N,Fire density,30,121,188,67206
169,64,N,Fire density,30,101,189,69247
170,66,N,Fire density,30,121,266,71653
172,70,N,Fire density,30,181,564,75984
171,68,N,Fire density,30,201,583,73830
173,72,N,Fire density,30,161,474,78071
174,74,N,Fire density,30,201,742,80396
148,74,N,Fire density,25,1641,75762,80039
149,76,N,Fire density,25,1621,79218,82304
151,80,N,Fire density,25,1621,84436,86796
150,78,N,Fire density,25,1661,82182,84528
153,84,N,Fire density,25,1621,89065,91117
152,82,N,Fire density,25,1661,86957,88980
154,86,N,Fire density,25,1621,91430,93477
183,40,N,Fire density,35,101,53,43442
184,42,N,Fire density,35,101,59,45692
186,46,N,Fire density,35,81,46,49645
185,44,N,Fire density,35,81,34,47670
187,48,N,Fire density,35,81,32,52348
188,50,N,Fire density,35,81,40,54354
189,52,N,Fire density,35,81,62,56591
190,54,N,Fire density,35,101,100,58660
191,56,N,Fire density,35,101,97,60692
192,58,N,Fire density,35,101,87,62875
193,60,N,Fire density,35,121,185,65212
194,62,N,Fire density,35,101,117,67372
195,64,N,Fire density,35,121,147,69244
196,66,N,Fire density,35,141,340,71363
197,68,N,Fire density,35,161,421,73597
199,72,N,Fire density,35,161,465,78034
198,70,N,Fire density,35,161,465,76306
200,74,N,Fire density,35,201,747,80285
156,90,N,Fire density,25,1661,95687,97551
175,76,N,Fire density,30,1681,79762,82417
177,80,N,Fire density,30,1681,84672,86910
176,78,N,Fire density,30,1641,82073,84727
178,82,N,Fire density,30,1621,86822,88904
155,88,N,Fire density,25,1621,93491,95505
180,86,N,Fire density,30,1621,91273,93379
209,40,N,Fire density,40,76,22,43270
210,42,N,Fire density,40,61,25,45744
179,84,N,Fire density,30,1621,89214,91266
211,44,N,Fire density,40,61,36,47757
212,46,N,Fire density,40,76,28,49983
213,48,N,Fire density,40,61,19,52169
214,50,N,Fire density,40,91,85,54137
215,52,N,Fire density,40,76,81,56333
217,56,N,Fire density,40,76,108,60613
216,54,N,Fire density,40,76,115,58548
218,58,N,Fire density,40,91,57,62670
219,60,N,Fire density,40,106,165,64921
220,62,N,Fire density,40,106,266,67319
221,64,N,Fire density,40,91,198,69352
222,66,N,Fire density,40,106,175,71365
223,68,N,Fire density,40,91,131,73824
224,70,N,Fire density,40,136,362,75942
181,88,N,Fire density,30,1661,93648,95682
225,72,N,Fire density,40,151,510,77983
227,76,N,Fire density,40,226,1115,82376
182,90,N,Fire density,30,1641,95605,97552
202,78,N,Fire density,35,1681,82023,84709
201,76,N,Fire density,35,1681,79581,82571
203,80,N,Fire density,35,1681,84587,86841
204,82,N,Fire density,35,1681,86747,88908
205,84,N,Fire density,35,1641,89114,91190
235,40,N,Fire density,45,61,27,43293
236,42,N,Fire density,45,61,18,45441
237,44,N,Fire density,45,76,47,47871
238,46,N,Fire density,45,76,84,49605
239,48,N,Fire density,45,61,24,52125
240,50,N,Fire density,45,76,44,54169
241,52,N,Fire density,45,76,78,56319
242,54,N,Fire density,45,76,70,58354
243,56,N,Fire density,45,91,131,60750
244,58,N,Fire density,45,61,42,63021
245,60,N,Fire density,45,91,111,65206
226,74,N,Fire density,40,1846,74974,80327
246,62,N,Fire density,45,121,333,67424
247,64,N,Fire density,45,106,204,69531
206,86,N,Fire density,35,1661,91342,93242
249,68,N,Fire density,45,91,161,73926
248,66,N,Fire density,45,151,393,71610
250,70,N,Fire density,45,136,421,76191
252,74,N,Fire density,45,241,1168,80477
251,72,N,Fire density,45,316,1783,77924
253,76,N,Fire density,45,286,1617,82497
228,78,N,Fire density,40,1636,81345,84643
207,88,N,Fire density,35,1621,93289,95442
229,80,N,Fire density,40,1651,84233,86816
230,82,N,Fire density,40,1591,86226,89015
231,84,N,Fire density,40,1606,88470,91095
261,40,N,Fire density,50,76,29,43471
262,42,N,Fire density,50,76,35,45616
263,44,N,Fire density,50,61,17,47881
264,46,N,Fire density,50,76,59,49827
265,48,N,Fire density,50,76,52,52194
266,50,N,Fire density,50,61,18,54244
267,52,N,Fire density,50,76,62,56330
268,54,N,Fire density,50,76,64,58755
269,56,N,Fire density,50,91,101,61053
270,58,N,Fire density,50,76,84,63019
271,60,N,Fire density,50,91,113,65015
272,62,N,Fire density,50,91,222,67221
273,64,N,Fire density,50,91,121,69476
274,66,N,Fire density,50,121,224,71581
275,68,N,Fire density,50,181,684,73701
276,70,N,Fire density,50,106,296,75955
232,86,N,Fire density,40,1591,90669,93287
277,72,N,Fire density,50,151,499,78116
208,90,N,Fire density,35,1661,95916,97757
233,88,N,Fire density,40,1621,92783,95079
234,90,N,Fire density,40,1621,95489,97673
255,80,N,Fire density,45,1681,83726,86839
254,78,N,Fire density,45,1711,80871,84504
256,82,N,Fire density,45,1651,86186,88961
257,84,N,Fire density,45,1636,88456,91022
260,90,N,Fire density,45,1636,95240,97522
287,40,N,Fire density,55,181,22,43061
259,88,N,Fire density,45,1651,93255,95611
288,42,N,Fire density,55,181,30,45543
289,44,N,Fire density,55,241,53,47802
290,46,N,Fire density,55,181,49,50032
258,86,N,Fire density,45,1621,90980,93418
291,48,N,Fire density,55,241,28,52107
292,50,N,Fire density,55,241,68,54034
293,52,N,Fire density,55,241,48,56742
294,54,N,Fire density,55,241,83,58543
279,76,N,Fire density,50,1801,77707,82547
295,56,N,Fire density,55,241,232,60832
296,58,N,Fire density,55,241,295,62743
297,60,N,Fire density,55,241,178,64879
298,62,N,Fire density,55,301,526,67133
299,64,N,Fire density,55,301,662,69371
278,74,N,Fire density,50,1816,72766,80350
281,80,N,Fire density,50,1696,83184,86800
283,84,N,Fire density,50,1666,88621,91158
282,82,N,Fire density,50,1681,86404,89040
284,86,N,Fire density,50,1621,90574,93379
280,78,N,Fire density,50,1711,80384,84705
285,88,N,Fire density,50,1636,93136,95600
286,90,N,Fire density,50,1621,95092,97521
300,66,N,Fire density,55,1921,63545,71542
302,70,N,Fire density,55,1621,71860,75918
313,40,N,Fire density,60,181,39,43377
301,68,N,Fire density,55,1861,68898,73679
314,42,N,Fire density,60,181,33,45735
315,44,N,Fire density,60,241,46,47938
316,46,N,Fire density,60,181,29,49709
317,48,N,Fire density,60,181,27,52144
319,52,N,Fire density,60,241,39,56337
318,50,N,Fire density,60,241,46,54240
321,56,N,Fire density,60,241,82,60632
320,54,N,Fire density,60,241,70,58759
303,72,N,Fire density,55,1561,75729,78138
322,58,N,Fire density,60,241,49,63000
323,60,N,Fire density,60,241,226,65305
324,62,N,Fire density,60,301,468,67420
326,66,N,Fire density,60,361,676,71256
304,74,N,Fire density,55,1501,78525,80263
306,78,N,Fire density,55,1441,83704,84542
305,76,N,Fire density,55,1501,81225,82533
307,80,N,Fire density,55,1381,85621,86740
308,82,N,Fire density,55,1381,88212,88824
325,64,N,Fire density,60,1921,53482,69574
310,86,N,Fire density,55,1321,92683,93232
309,84,N,Fire density,55,1321,90448,91069
311,88,N,Fire density,55,1261,95179,95603
327,68,N,Fire density,60,1921,65326,73445
328,70,N,Fire density,60,1741,72939,76235
339,40,N,Fire density,65,81,22,43426
340,42,N,Fire density,65,81,29,45390
341,44,N,Fire density,65,81,30,47642
342,46,N,Fire density,65,101,77,49722
343,48,N,Fire density,65,81,22,52255
344,50,N,Fire density,65,81,47,54236
345,52,N,Fire density,65,101,116,56283
346,54,N,Fire density,65,81,52,58520
347,56,N,Fire density,65,101,106,61047
348,58,N,Fire density,65,101,119,62953
349,60,N,Fire density,65,101,158,65096
350,62,N,Fire density,65,101,159,67376
351,64,N,Fire density,65,121,263,69534
352,66,N,Fire density,65,141,462,71603
353,68,N,Fire density,65,161,543,73798
329,72,N,Fire density,60,1681,75178,78133
355,72,N,Fire density,65,141,361,78192
354,70,N,Fire density,65,1141,35841,75879
330,74,N,Fire density,60,1561,77979,80154
312,90,N,Fire density,55,1261,97345,97759
331,76,N,Fire density,60,1501,80815,82402
332,78,N,Fire density,60,1441,83304,84510
356,74,N,Fire density,65,1501,70617,80384
358,78,N,Fire density,65,1421,80759,84806
357,76,N,Fire density,65,1661,78672,82540
333,80,N,Fire density,60,1441,85877,86784
334,82,N,Fire density,60,1381,88006,88803
365,40,N,Fire density,70,81,40,43371
366,42,N,Fire density,70,81,25,45219
367,44,N,Fire density,70,81,20,47533
368,46,N,Fire density,70,81,37,49962
369,48,N,Fire density,70,101,61,51880
370,50,N,Fire density,70,101,58,54186
372,54,N,Fire density,70,81,40,58526
371,52,N,Fire density,70,81,49,56247
374,58,N,Fire density,70,81,63,62913
373,56,N,Fire density,70,101,215,61103
375,60,N,Fire density,70,101,120,64892
376,62,N,Fire density,70,81,92,67284
377,64,N,Fire density,70,121,246,69789
378,66,N,Fire density,70,141,274,71305
379,68,N,Fire density,70,161,460,74103
380,70,N,Fire density,70,141,478,76052
359,80,N,Fire density,65,1401,84562,86996
360,82,N,Fire density,65,1381,87127,88980
361,84,N,Fire density,65,1301,89730,91335
381,72,N,Fire density,70,1281,43096,77977
335,84,N,Fire density,60,1381,90720,91307
362,86,N,Fire density,65,1301,91566,93228
382,74,N,Fire density,70,1701,68373,80115
363,88,N,Fire density,65,1261,94039,95378
337,88,N,Fire density,60,1321,94882,95348
391,40,N,Fire density,75,81,17,43130
338,90,N,Fire density,60,1321,97277,97709
392,42,N,Fire density,75,81,45,45498
393,44,N,Fire density,75,81,26,47723
394,46,N,Fire density,75,81,28,49950
395,48,N,Fire density,75,101,85,52083
396,50,N,Fire density,75,81,71,54454
397,52,N,Fire density,75,101,68,56116
336,86,N,Fire density,60,1321,92611,93146
398,54,N,Fire density,75,81,61,58782
399,56,N,Fire density,75,81,37,60826
401,60,N,Fire density,75,121,232,65043
402,62,N,Fire density,75,101,104,67258
400,58,N,Fire density,75,81,68,62666
404,66,N,Fire density,75,121,246,71536
403,64,N,Fire density,75,121,292,69241
364,90,N,Fire density,65,1221,96308,97580
383,76,N,Fire density,70,1661,72995,82604
405,68,N,Fire density,75,161,662,74093
384,78,N,Fire density,70,1601,81166,84633
407,72,N,Fire density,75,1001,18056,78155
406,70,N,Fire density,75,1241,34537,76071
385,80,N,Fire density,70,1501,83675,86897
408,74,N,Fire density,75,1081,45354,80265
386,82,N,Fire density,70,1501,86819,89162
409,76,N,Fire density,75,1201,49819,82139
417,40,N,Fire density,80,101,37,43393
418,42,N,Fire density,80,81,49,45497
419,44,N,Fire density,80,101,38,47865
420,46,N,Fire density,80,81,20,49983
421,48,N,Fire density,80,81,25,52373
387,84,N,Fire density,70,1481,88578,91125
422,50,N,Fire density,80,101,108,54308
423,52,N,Fire density,80,81,47,56684
424,54,N,Fire density,80,101,158,58399
425,56,N,Fire density,80,81,66,60515
426,58,N,Fire density,80,81,82,62783
427,60,N,Fire density,80,81,81,65201
428,62,N,Fire density,80,101,180,67306
389,88,N,Fire density,70,1341,94049,95579
388,86,N,Fire density,70,1361,91495,93517
429,64,N,Fire density,80,121,230,69137
390,90,N,Fire density,70,1321,95954,97498
431,68,N,Fire density,80,141,332,73605
432,70,N,Fire density,80,101,182,75709
430,66,N,Fire density,80,101,233,71529
434,74,N,Fire density,80,181,589,80280
433,72,N,Fire density,80,281,1706,77927
435,76,N,Fire density,80,1181,43140,82534
412,82,N,Fire density,75,1581,85893,88841
411,80,N,Fire density,75,1721,81908,86582
413,84,N,Fire density,75,1541,87777,90994
443,40,N,Fire density,85,81,19,43327
444,42,N,Fire density,85,81,26,45602
445,44,N,Fire density,85,81,55,47503
446,46,N,Fire density,85,81,64,49979
447,48,N,Fire density,85,101,50,51821
448,50,N,Fire density,85,101,72,54327
436,78,N,Fire density,80,1261,50856,84706
449,52,N,Fire density,85,81,44,56323
451,56,N,Fire density,85,81,57,60722
450,54,N,Fire density,85,101,124,58635
452,58,N,Fire density,85,101,114,63115
453,60,N,Fire density,85,101,52,65356
454,62,N,Fire density,85,101,115,67261
455,64,N,Fire density,85,101,182,69286
456,66,N,Fire density,85,121,191,71663
457,68,N,Fire density,85,121,220,73742
458,70,N,Fire density,85,141,391,75748
459,72,N,Fire density,85,141,370,77969
414,86,N,Fire density,75,1481,91179,93275
415,88,N,Fire density,75,1481,93462,95657
410,78,N,Fire density,75,2121,80269,84501
416,90,N,Fire density,75,1401,95682,97550
438,82,N,Fire density,80,1961,83379,88880
437,80,N,Fire density,80,2041,79771,86792
460,74,N,Fire density,85,1021,33066,80312
439,84,N,Fire density,80,1781,87503,90984
461,76,N,Fire density,85,1081,32433,82307
469,40,N,Fire density,90,81,11,43649
470,42,N,Fire density,90,81,9,45538
471,44,N,Fire density,90,81,19,47838
472,46,N,Fire density,90,81,21,49818
473,48,N,Fire density,90,81,31,52146
475,52,N,Fire density,90,81,26,56415
474,50,N,Fire density,90,81,62,54137
476,54,N,Fire density,90,81,41,58426
477,56,N,Fire density,90,101,81,60772
478,58,N,Fire density,90,81,72,62967
479,60,N,Fire density,90,101,116,64982
480,62,N,Fire density,90,101,116,67469
481,64,N,Fire density,90,101,288,69374
482,66,N,Fire density,90,141,511,71519
483,68,N,Fire density,90,161,454,73758
462,78,N,Fire density,85,1081,45524,84483
484,70,N,Fire density,90,141,403,76032
440,86,N,Fire density,80,1541,87545,93190
463,80,N,Fire density,85,1361,58897,86693
441,88,N,Fire density,80,1601,92380,95556
485,72,N,Fire density,90,781,20080,78205
442,90,N,Fire density,80,1561,95470,97637
465,84,N,Fire density,85,1641,70882,91033
488,78,N,Fire density,90,941,32299,84880
466,86,N,Fire density,85,1541,74791,93183
486,74,N,Fire density,90,1021,29438,80193
495,40,N,Fire density,95,81,43,43463
487,76,N,Fire density,90,941,29912,82436
496,42,N,Fire density,95,81,15,45656
497,44,N,Fire density,95,81,39,47423
498,46,N,Fire density,95,81,20,49913
499,48,N,Fire density,95,81,12,51968
500,50,N,Fire density,95,81,43,54171
501,52,N,Fire density,95,81,99,56248
502,54,N,Fire density,95,101,148,58794
503,56,N,Fire density,95,81,49,60760
505,60,N,Fire density,95,81,76,65045
504,58,N,Fire density,95,101,114,62824
506,62,N,Fire density,95,101,183,67402
464,82,N,Fire density,85,1141,53517,88855
507,64,N,Fire density,95,101,105,69464
508,66,N,Fire density,95,121,520,71641
509,68,N,Fire density,95,241,1211,73765
510,70,N,Fire density,95,161,556,75896
489,80,N,Fire density,90,961,38333,86818
511,72,N,Fire density,95,641,11168,77947
512,74,N,Fire density,95,661,15014,80366
490,82,N,Fire density,90,1021,44580,88963
468,90,N,Fire density,85,1781,94726,97695
491,84,N,Fire density,90,981,42683,91169
467,88,N,Fire density,85,1821,89713,95536
513,76,N,Fire density,95,861,24593,82439
521,40,N,Fire density,100,81,10,43346
522,42,N,Fire density,100,81,25,45637
523,44,N,Fire density,100,81,40,47909
524,46,N,Fire density,100,81,36,49882
525,48,N,Fire density,100,81,57,51681
526,50,N,Fire density,100,81,56,54361
528,54,N,Fire density,100,81,41,58362
527,52,N,Fire density,100,81,42,56334
529,56,N,Fire density,100,101,83,61007
530,58,N,Fire density,100,81,36,62851
531,60,N,Fire density,100,81,97,65123
532,62,N,Fire density,100,101,96,67164
533,64,N,Fire density,100,101,211,69353
534,66,N,Fire density,100,141,373,71664
492,86,N,Fire density,90,1301,55871,93344
535,68,N,Fire density,100,261,1974,73998
537,72,N,Fire density,100,161,582,78140
536,70,N,Fire density,100,301,1729,75706
515,80,N,Fire density,95,941,35173,86903
516,82,N,Fire density,95,921,35785,88975
538,74,N,Fire density,100,701,17594,80069
514,78,N,Fire density,95,901,26119,84739
517,84,N,Fire density,95,901,41597,91063
518,86,N,Fire density,95,921,41264,93351
493,88,N,Fire density,90,1821,77823,95632
539,76,N,Fire density,100,781,18601,82431
519,88,N,Fire density,95,961,46829,95463
541,80,N,Fire density,100,741,20367,86587
540,78,N,Fire density,100,821,25602,84483
520,90,N,Fire density,95,1001,48933,97649
494,90,N,Fire density,90,2381,89749,97540
542,82,N,Fire density,100,921,31141,88848
543,84,N,Fire density,100,901,32274,90993
545,88,N,Fire density,100,901,41933,95355
546,90,N,Fire density,100,901,42821,97717
544,86,N,Fire density,100,921,37424,93203
